stem	back	front	log_odds_back	stem_freq	language	transcription	z	trial_type	target	prompt	stimulus	trial_front	trial_pl	choices
balek	5215	225	3.1431939652304526	5440	yi	balek		pl_back	balekok	<p>Ez egy balek. Ezek itt balekok.</p><p><span style=""font-size:24px; color:red;"">nem: ""f""</span>&emsp;<span style=""font-size:24px; color:green;"">igen: ""j""</span></p>	<p style=""font-size:48px;"">balekok</p>	FALSE	TRUE	
balek	5215	225	3.1431939652304526	5440	yi	balek		pl_front	balekek	<p>Ez egy balek. Ezek itt balekek.</p><p><span style=""font-size:24px; color:red;"">nem: ""f""</span>&emsp;<span style=""font-size:24px; color:green;"">igen: ""j""</span></p>	<p style=""font-size:48px;"">balekek</p>	TRUE	TRUE	
balek	5215	225	3.1431939652304526	5440	yi	balek		ine_back	balekban	<p>Ez egy balek. Bízom a balekban.</p><p><span style=""font-size:24px; color:red;"">nem: ""f""</span>&emsp;<span style=""font-size:24px; color:green;"">igen: ""j""</span></p>	<p style=""font-size:48px;"">balekban</p>	FALSE	FALSE	
balek	5215	225	3.1431939652304526	5440	yi	balek		ine_front	balekben	<p>Ez egy balek. Bízom a balekben.</p><p><span style=""font-size:24px; color:red;"">nem: ""f""</span>&emsp;<span style=""font-size:24px; color:green;"">igen: ""j""</span></p>	<p style=""font-size:48px;"">balekben</p>	TRUE	FALSE	
barchesz	8	37	-1.5314763709643884	45	yi	barches		pl_back	barcheszok	<p>Ez egy barchesz. Ezek itt barcheszok.</p><p><span style=""font-size:24px; color:red;"">nem: ""f""</span>&emsp;<span style=""font-size:24px; color:green;"">igen: ""j""</span></p>	<p style=""font-size:48px;"">barcheszok</p>	FALSE	TRUE	
barchesz	8	37	-1.5314763709643884	45	yi	barches		pl_front	barcheszek	<p>Ez egy barchesz. Ezek itt barcheszek.</p><p><span style=""font-size:24px; color:red;"">nem: ""f""</span>&emsp;<span style=""font-size:24px; color:green;"">igen: ""j""</span></p>	<p style=""font-size:48px;"">barcheszek</p>	TRUE	TRUE	
barchesz	8	37	-1.5314763709643884	45	yi	barches		ine_back	barcheszban	<p>Ez egy barchesz. Bízom a barcheszban.</p><p><span style=""font-size:24px; color:red;"">nem: ""f""</span>&emsp;<span style=""font-size:24px; color:green;"">igen: ""j""</span></p>	<p style=""font-size:48px;"">barcheszban</p>	FALSE	FALSE	
barchesz	8	37	-1.5314763709643884	45	yi	barches		ine_front	barcheszben	<p>Ez egy barchesz. Bízom a barcheszben.</p><p><span style=""font-size:24px; color:red;"">nem: ""f""</span>&emsp;<span style=""font-size:24px; color:green;"">igen: ""j""</span></p>	<p style=""font-size:48px;"">barcheszben</p>	TRUE	FALSE	
docens	6	29878	-8.513118233374207	29884	la	docenš		pl_back	docensok	<p>Ez egy docens. Ezek itt docensok.</p><p><span style=""font-size:24px; color:red;"">nem: ""f""</span>&emsp;<span style=""font-size:24px; color:green;"">igen: ""j""</span></p>	<p style=""font-size:48px;"">docensok</p>	FALSE	TRUE	
docens	6	29878	-8.513118233374207	29884	la	docenš		pl_front	docensek	<p>Ez egy docens. Ezek itt docensek.</p><p><span style=""font-size:24px; color:red;"">nem: ""f""</span>&emsp;<span style=""font-size:24px; color:green;"">igen: ""j""</span></p>	<p style=""font-size:48px;"">docensek</p>	TRUE	TRUE	
docens	6	29878	-8.513118233374207	29884	la	docenš		ine_back	docensban	<p>Ez egy docens. Bízom a docensban.</p><p><span style=""font-size:24px; color:red;"">nem: ""f""</span>&emsp;<span style=""font-size:24px; color:green;"">igen: ""j""</span></p>	<p style=""font-size:48px;"">docensban</p>	FALSE	FALSE	
docens	6	29878	-8.513118233374207	29884	la	docenš		ine_front	docensben	<p>Ez egy docens. Bízom a docensben.</p><p><span style=""font-size:24px; color:red;"">nem: ""f""</span>&emsp;<span style=""font-size:24px; color:green;"">igen: ""j""</span></p>	<p style=""font-size:48px;"">docensben</p>	TRUE	FALSE	
fater	5385	190	3.344348517430003	5575	yi	fater		pl_back	faterok	<p>Ez egy fater. Ezek itt faterok.</p><p><span style=""font-size:24px; color:red;"">nem: ""f""</span>&emsp;<span style=""font-size:24px; color:green;"">igen: ""j""</span></p>	<p style=""font-size:48px;"">faterok</p>	FALSE	TRUE	
fater	5385	190	3.344348517430003	5575	yi	fater		pl_front	faterek	<p>Ez egy fater. Ezek itt faterek.</p><p><span style=""font-size:24px; color:red;"">nem: ""f""</span>&emsp;<span style=""font-size:24px; color:green;"">igen: ""j""</span></p>	<p style=""font-size:48px;"">faterek</p>	TRUE	TRUE	
fater	5385	190	3.344348517430003	5575	yi	fater		ine_back	faterban	<p>Ez egy fater. Bízom a faterban.</p><p><span style=""font-size:24px; color:red;"">nem: ""f""</span>&emsp;<span style=""font-size:24px; color:green;"">igen: ""j""</span></p>	<p style=""font-size:48px;"">faterban</p>	FALSE	FALSE	
fater	5385	190	3.344348517430003	5575	yi	fater		ine_front	faterben	<p>Ez egy fater. Bízom a faterben.</p><p><span style=""font-size:24px; color:red;"">nem: ""f""</span>&emsp;<span style=""font-size:24px; color:green;"">igen: ""j""</span></p>	<p style=""font-size:48px;"">faterben</p>	TRUE	FALSE	
fráter	34	997	-3.378390245345677	1031	la	fráter		pl_back	fráterok	<p>Ez egy fráter. Ezek itt fráterok.</p><p><span style=""font-size:24px; color:red;"">nem: ""f""</span>&emsp;<span style=""font-size:24px; color:green;"">igen: ""j""</span></p>	<p style=""font-size:48px;"">fráterok</p>	FALSE	TRUE	
fráter	34	997	-3.378390245345677	1031	la	fráter		pl_front	fráterek	<p>Ez egy fráter. Ezek itt fráterek.</p><p><span style=""font-size:24px; color:red;"">nem: ""f""</span>&emsp;<span style=""font-size:24px; color:green;"">igen: ""j""</span></p>	<p style=""font-size:48px;"">fráterek</p>	TRUE	TRUE	
fráter	34	997	-3.378390245345677	1031	la	fráter		ine_back	fráterban	<p>Ez egy fráter. Bízom a fráterban.</p><p><span style=""font-size:24px; color:red;"">nem: ""f""</span>&emsp;<span style=""font-size:24px; color:green;"">igen: ""j""</span></p>	<p style=""font-size:48px;"">fráterban</p>	FALSE	FALSE	
fráter	34	997	-3.378390245345677	1031	la	fráter		ine_front	fráterben	<p>Ez egy fráter. Bízom a fráterben.</p><p><span style=""font-size:24px; color:red;"">nem: ""f""</span>&emsp;<span style=""font-size:24px; color:green;"">igen: ""j""</span></p>	<p style=""font-size:48px;"">fráterben</p>	TRUE	FALSE	
gólem	1	1736	-7.459338895220296	1737	yi	gólem		pl_back	gólemok	<p>Ez egy gólem. Ezek itt gólemok.</p><p><span style=""font-size:24px; color:red;"">nem: ""f""</span>&emsp;<span style=""font-size:24px; color:green;"">igen: ""j""</span></p>	<p style=""font-size:48px;"">gólemok</p>	FALSE	TRUE	
gólem	1	1736	-7.459338895220296	1737	yi	gólem		pl_front	gólemek	<p>Ez egy gólem. Ezek itt gólemek.</p><p><span style=""font-size:24px; color:red;"">nem: ""f""</span>&emsp;<span style=""font-size:24px; color:green;"">igen: ""j""</span></p>	<p style=""font-size:48px;"">gólemek</p>	TRUE	TRUE	
gólem	1	1736	-7.459338895220296	1737	yi	gólem		ine_back	gólemban	<p>Ez egy gólem. Bízom a gólemban.</p><p><span style=""font-size:24px; color:red;"">nem: ""f""</span>&emsp;<span style=""font-size:24px; color:green;"">igen: ""j""</span></p>	<p style=""font-size:48px;"">gólemban</p>	FALSE	FALSE	
gólem	1	1736	-7.459338895220296	1737	yi	gólem		ine_front	gólemben	<p>Ez egy gólem. Bízom a gólemben.</p><p><span style=""font-size:24px; color:red;"">nem: ""f""</span>&emsp;<span style=""font-size:24px; color:green;"">igen: ""j""</span></p>	<p style=""font-size:48px;"">gólemben</p>	TRUE	FALSE	
haver	71848	634	4.7302591009135595	72482	yi	haver		pl_back	haverok	<p>Ez egy haver. Ezek itt haverok.</p><p><span style=""font-size:24px; color:red;"">nem: ""f""</span>&emsp;<span style=""font-size:24px; color:green;"">igen: ""j""</span></p>	<p style=""font-size:48px;"">haverok</p>	FALSE	TRUE	
haver	71848	634	4.7302591009135595	72482	yi	haver		pl_front	haverek	<p>Ez egy haver. Ezek itt haverek.</p><p><span style=""font-size:24px; color:red;"">nem: ""f""</span>&emsp;<span style=""font-size:24px; color:green;"">igen: ""j""</span></p>	<p style=""font-size:48px;"">haverek</p>	TRUE	TRUE	
haver	71848	634	4.7302591009135595	72482	yi	haver		ine_back	haverban	<p>Ez egy haver. Bízom a haverban.</p><p><span style=""font-size:24px; color:red;"">nem: ""f""</span>&emsp;<span style=""font-size:24px; color:green;"">igen: ""j""</span></p>	<p style=""font-size:48px;"">haverban</p>	FALSE	FALSE	
haver	71848	634	4.7302591009135595	72482	yi	haver		ine_front	haverben	<p>Ez egy haver. Bízom a haverben.</p><p><span style=""font-size:24px; color:red;"">nem: ""f""</span>&emsp;<span style=""font-size:24px; color:green;"">igen: ""j""</span></p>	<p style=""font-size:48px;"">haverben</p>	TRUE	FALSE	
kampec	41	30	0.31237468504215243	71	yi	kampec		pl_back	kampecok	<p>Ez egy kampec. Ezek itt kampecok.</p><p><span style=""font-size:24px; color:red;"">nem: ""f""</span>&emsp;<span style=""font-size:24px; color:green;"">igen: ""j""</span></p>	<p style=""font-size:48px;"">kampecok</p>	FALSE	TRUE	
kampec	41	30	0.31237468504215243	71	yi	kampec		pl_front	kampecek	<p>Ez egy kampec. Ezek itt kampecek.</p><p><span style=""font-size:24px; color:red;"">nem: ""f""</span>&emsp;<span style=""font-size:24px; color:green;"">igen: ""j""</span></p>	<p style=""font-size:48px;"">kampecek</p>	TRUE	TRUE	
kampec	41	30	0.31237468504215243	71	yi	kampec		ine_back	kampecban	<p>Ez egy kampec. Bízom a kampecban.</p><p><span style=""font-size:24px; color:red;"">nem: ""f""</span>&emsp;<span style=""font-size:24px; color:green;"">igen: ""j""</span></p>	<p style=""font-size:48px;"">kampecban</p>	FALSE	FALSE	
kampec	41	30	0.31237468504215243	71	yi	kampec		ine_front	kampecben	<p>Ez egy kampec. Bízom a kampecben.</p><p><span style=""font-size:24px; color:red;"">nem: ""f""</span>&emsp;<span style=""font-size:24px; color:green;"">igen: ""j""</span></p>	<p style=""font-size:48px;"">kampecben</p>	TRUE	FALSE	
karcer	36	93	-0.949080554697146	129	la	karcer		pl_back	karcerok	<p>Ez egy karcer. Ezek itt karcerok.</p><p><span style=""font-size:24px; color:red;"">nem: ""f""</span>&emsp;<span style=""font-size:24px; color:green;"">igen: ""j""</span></p>	<p style=""font-size:48px;"">karcerok</p>	FALSE	TRUE	
karcer	36	93	-0.949080554697146	129	la	karcer		pl_front	karcerek	<p>Ez egy karcer. Ezek itt karcerek.</p><p><span style=""font-size:24px; color:red;"">nem: ""f""</span>&emsp;<span style=""font-size:24px; color:green;"">igen: ""j""</span></p>	<p style=""font-size:48px;"">karcerek</p>	TRUE	TRUE	
karcer	36	93	-0.949080554697146	129	la	karcer		ine_back	karcerban	<p>Ez egy karcer. Bízom a karcerban.</p><p><span style=""font-size:24px; color:red;"">nem: ""f""</span>&emsp;<span style=""font-size:24px; color:green;"">igen: ""j""</span></p>	<p style=""font-size:48px;"">karcerban</p>	FALSE	FALSE	
karcer	36	93	-0.949080554697146	129	la	karcer		ine_front	karcerben	<p>Ez egy karcer. Bízom a karcerben.</p><p><span style=""font-size:24px; color:red;"">nem: ""f""</span>&emsp;<span style=""font-size:24px; color:green;"">igen: ""j""</span></p>	<p style=""font-size:48px;"">karcerben</p>	TRUE	FALSE	
kráter	87	9093	-4.649352047071329	9180	la	kráter		pl_back	kráterok	<p>Ez egy kráter. Ezek itt kráterok.</p><p><span style=""font-size:24px; color:red;"">nem: ""f""</span>&emsp;<span style=""font-size:24px; color:green;"">igen: ""j""</span></p>	<p style=""font-size:48px;"">kráterok</p>	FALSE	TRUE	
kráter	87	9093	-4.649352047071329	9180	la	kráter		pl_front	kráterek	<p>Ez egy kráter. Ezek itt kráterek.</p><p><span style=""font-size:24px; color:red;"">nem: ""f""</span>&emsp;<span style=""font-size:24px; color:green;"">igen: ""j""</span></p>	<p style=""font-size:48px;"">kráterek</p>	TRUE	TRUE	
kráter	87	9093	-4.649352047071329	9180	la	kráter		ine_back	kráterban	<p>Ez egy kráter. Bízom a kráterban.</p><p><span style=""font-size:24px; color:red;"">nem: ""f""</span>&emsp;<span style=""font-size:24px; color:green;"">igen: ""j""</span></p>	<p style=""font-size:48px;"">kráterban</p>	FALSE	FALSE	
kráter	87	9093	-4.649352047071329	9180	la	kráter		ine_front	kráterben	<p>Ez egy kráter. Bízom a kráterben.</p><p><span style=""font-size:24px; color:red;"">nem: ""f""</span>&emsp;<span style=""font-size:24px; color:green;"">igen: ""j""</span></p>	<p style=""font-size:48px;"">kráterben</p>	TRUE	FALSE	
kódex	19	48210	-7.838882768233227	48229	la	kódex		pl_back	kódexok	<p>Ez egy kódex. Ezek itt kódexok.</p><p><span style=""font-size:24px; color:red;"">nem: ""f""</span>&emsp;<span style=""font-size:24px; color:green;"">igen: ""j""</span></p>	<p style=""font-size:48px;"">kódexok</p>	FALSE	TRUE	
kódex	19	48210	-7.838882768233227	48229	la	kódex		pl_front	kódexek	<p>Ez egy kódex. Ezek itt kódexek.</p><p><span style=""font-size:24px; color:red;"">nem: ""f""</span>&emsp;<span style=""font-size:24px; color:green;"">igen: ""j""</span></p>	<p style=""font-size:48px;"">kódexek</p>	TRUE	TRUE	
kódex	19	48210	-7.838882768233227	48229	la	kódex		ine_back	kódexban	<p>Ez egy kódex. Bízom a kódexban.</p><p><span style=""font-size:24px; color:red;"">nem: ""f""</span>&emsp;<span style=""font-size:24px; color:green;"">igen: ""j""</span></p>	<p style=""font-size:48px;"">kódexban</p>	FALSE	FALSE	
kódex	19	48210	-7.838882768233227	48229	la	kódex		ine_front	kódexben	<p>Ez egy kódex. Bízom a kódexben.</p><p><span style=""font-size:24px; color:red;"">nem: ""f""</span>&emsp;<span style=""font-size:24px; color:green;"">igen: ""j""</span></p>	<p style=""font-size:48px;"">kódexben</p>	TRUE	FALSE	
latex	125	2639	-3.049841599201023	2764	la	latex		pl_back	latexok	<p>Ez egy latex. Ezek itt latexok.</p><p><span style=""font-size:24px; color:red;"">nem: ""f""</span>&emsp;<span style=""font-size:24px; color:green;"">igen: ""j""</span></p>	<p style=""font-size:48px;"">latexok</p>	FALSE	TRUE	
latex	125	2639	-3.049841599201023	2764	la	latex		pl_front	latexek	<p>Ez egy latex. Ezek itt latexek.</p><p><span style=""font-size:24px; color:red;"">nem: ""f""</span>&emsp;<span style=""font-size:24px; color:green;"">igen: ""j""</span></p>	<p style=""font-size:48px;"">latexek</p>	TRUE	TRUE	
latex	125	2639	-3.049841599201023	2764	la	latex		ine_back	latexban	<p>Ez egy latex. Bízom a latexban.</p><p><span style=""font-size:24px; color:red;"">nem: ""f""</span>&emsp;<span style=""font-size:24px; color:green;"">igen: ""j""</span></p>	<p style=""font-size:48px;"">latexban</p>	FALSE	FALSE	
latex	125	2639	-3.049841599201023	2764	la	latex		ine_front	latexben	<p>Ez egy latex. Bízom a latexben.</p><p><span style=""font-size:24px; color:red;"">nem: ""f""</span>&emsp;<span style=""font-size:24px; color:green;"">igen: ""j""</span></p>	<p style=""font-size:48px;"">latexben</p>	TRUE	FALSE	
luesz	1	22	-3.0910424533583156	23	la	lues		pl_back	lueszok	<p>Ez egy luesz. Ezek itt lueszok.</p><p><span style=""font-size:24px; color:red;"">nem: ""f""</span>&emsp;<span style=""font-size:24px; color:green;"">igen: ""j""</span></p>	<p style=""font-size:48px;"">lueszok</p>	FALSE	TRUE	
luesz	1	22	-3.0910424533583156	23	la	lues		pl_front	lueszek	<p>Ez egy luesz. Ezek itt lueszek.</p><p><span style=""font-size:24px; color:red;"">nem: ""f""</span>&emsp;<span style=""font-size:24px; color:green;"">igen: ""j""</span></p>	<p style=""font-size:48px;"">lueszek</p>	TRUE	TRUE	
luesz	1	22	-3.0910424533583156	23	la	lues		ine_back	lueszban	<p>Ez egy luesz. Bízom a lueszban.</p><p><span style=""font-size:24px; color:red;"">nem: ""f""</span>&emsp;<span style=""font-size:24px; color:green;"">igen: ""j""</span></p>	<p style=""font-size:48px;"">lueszban</p>	FALSE	FALSE	
luesz	1	22	-3.0910424533583156	23	la	lues		ine_front	lueszben	<p>Ez egy luesz. Bízom a lueszben.</p><p><span style=""font-size:24px; color:red;"">nem: ""f""</span>&emsp;<span style=""font-size:24px; color:green;"">igen: ""j""</span></p>	<p style=""font-size:48px;"">lueszben</p>	TRUE	FALSE	
lumen	2	1760	-6.779921907472252	1762	la	lumen		pl_back	lumenok	<p>Ez egy lumen. Ezek itt lumenok.</p><p><span style=""font-size:24px; color:red;"">nem: ""f""</span>&emsp;<span style=""font-size:24px; color:green;"">igen: ""j""</span></p>	<p style=""font-size:48px;"">lumenok</p>	FALSE	TRUE	
lumen	2	1760	-6.779921907472252	1762	la	lumen		pl_front	lumenek	<p>Ez egy lumen. Ezek itt lumenek.</p><p><span style=""font-size:24px; color:red;"">nem: ""f""</span>&emsp;<span style=""font-size:24px; color:green;"">igen: ""j""</span></p>	<p style=""font-size:48px;"">lumenek</p>	TRUE	TRUE	
lumen	2	1760	-6.779921907472252	1762	la	lumen		ine_back	lumenban	<p>Ez egy lumen. Bízom a lumenban.</p><p><span style=""font-size:24px; color:red;"">nem: ""f""</span>&emsp;<span style=""font-size:24px; color:green;"">igen: ""j""</span></p>	<p style=""font-size:48px;"">lumenban</p>	FALSE	FALSE	
lumen	2	1760	-6.779921907472252	1762	la	lumen		ine_front	lumenben	<p>Ez egy lumen. Bízom a lumenben.</p><p><span style=""font-size:24px; color:red;"">nem: ""f""</span>&emsp;<span style=""font-size:24px; color:green;"">igen: ""j""</span></p>	<p style=""font-size:48px;"">lumenben</p>	TRUE	FALSE	
macesz	117	88	0.28483712031954966	205	yi	maces		pl_back	maceszok	<p>Ez egy macesz. Ezek itt maceszok.</p><p><span style=""font-size:24px; color:red;"">nem: ""f""</span>&emsp;<span style=""font-size:24px; color:green;"">igen: ""j""</span></p>	<p style=""font-size:48px;"">maceszok</p>	FALSE	TRUE	
macesz	117	88	0.28483712031954966	205	yi	maces		pl_front	maceszek	<p>Ez egy macesz. Ezek itt maceszek.</p><p><span style=""font-size:24px; color:red;"">nem: ""f""</span>&emsp;<span style=""font-size:24px; color:green;"">igen: ""j""</span></p>	<p style=""font-size:48px;"">maceszek</p>	TRUE	TRUE	
macesz	117	88	0.28483712031954966	205	yi	maces		ine_back	maceszban	<p>Ez egy macesz. Bízom a maceszban.</p><p><span style=""font-size:24px; color:red;"">nem: ""f""</span>&emsp;<span style=""font-size:24px; color:green;"">igen: ""j""</span></p>	<p style=""font-size:48px;"">maceszban</p>	FALSE	FALSE	
macesz	117	88	0.28483712031954966	205	yi	maces		ine_front	maceszben	<p>Ez egy macesz. Bízom a maceszben.</p><p><span style=""font-size:24px; color:red;"">nem: ""f""</span>&emsp;<span style=""font-size:24px; color:green;"">igen: ""j""</span></p>	<p style=""font-size:48px;"">maceszben</p>	TRUE	FALSE	
macher	14	40	-1.0498221244986778	54	yi	macher		pl_back	macherok	<p>Ez egy macher. Ezek itt macherok.</p><p><span style=""font-size:24px; color:red;"">nem: ""f""</span>&emsp;<span style=""font-size:24px; color:green;"">igen: ""j""</span></p>	<p style=""font-size:48px;"">macherok</p>	FALSE	TRUE	
macher	14	40	-1.0498221244986778	54	yi	macher		pl_front	macherek	<p>Ez egy macher. Ezek itt macherek.</p><p><span style=""font-size:24px; color:red;"">nem: ""f""</span>&emsp;<span style=""font-size:24px; color:green;"">igen: ""j""</span></p>	<p style=""font-size:48px;"">macherek</p>	TRUE	TRUE	
macher	14	40	-1.0498221244986778	54	yi	macher		ine_back	macherban	<p>Ez egy macher. Bízom a macherban.</p><p><span style=""font-size:24px; color:red;"">nem: ""f""</span>&emsp;<span style=""font-size:24px; color:green;"">igen: ""j""</span></p>	<p style=""font-size:48px;"">macherban</p>	FALSE	FALSE	
macher	14	40	-1.0498221244986778	54	yi	macher		ine_front	macherben	<p>Ez egy macher. Bízom a macherben.</p><p><span style=""font-size:24px; color:red;"">nem: ""f""</span>&emsp;<span style=""font-size:24px; color:green;"">igen: ""j""</span></p>	<p style=""font-size:48px;"">macherben</p>	TRUE	FALSE	
maszek	2084	80	3.260017768199376	2164	yi	masek		pl_back	maszekok	<p>Ez egy maszek. Ezek itt maszekok.</p><p><span style=""font-size:24px; color:red;"">nem: ""f""</span>&emsp;<span style=""font-size:24px; color:green;"">igen: ""j""</span></p>	<p style=""font-size:48px;"">maszekok</p>	FALSE	TRUE	
maszek	2084	80	3.260017768199376	2164	yi	masek		pl_front	maszekek	<p>Ez egy maszek. Ezek itt maszekek.</p><p><span style=""font-size:24px; color:red;"">nem: ""f""</span>&emsp;<span style=""font-size:24px; color:green;"">igen: ""j""</span></p>	<p style=""font-size:48px;"">maszekek</p>	TRUE	TRUE	
maszek	2084	80	3.260017768199376	2164	yi	masek		ine_back	maszekban	<p>Ez egy maszek. Bízom a maszekban.</p><p><span style=""font-size:24px; color:red;"">nem: ""f""</span>&emsp;<span style=""font-size:24px; color:green;"">igen: ""j""</span></p>	<p style=""font-size:48px;"">maszekban</p>	FALSE	FALSE	
maszek	2084	80	3.260017768199376	2164	yi	masek		ine_front	maszekben	<p>Ez egy maszek. Bízom a maszekben.</p><p><span style=""font-size:24px; color:red;"">nem: ""f""</span>&emsp;<span style=""font-size:24px; color:green;"">igen: ""j""</span></p>	<p style=""font-size:48px;"">maszekben</p>	TRUE	FALSE	
mater	193	2954	-2.7282252741864395	3147	la	mater		pl_back	materok	<p>Ez egy mater. Ezek itt materok.</p><p><span style=""font-size:24px; color:red;"">nem: ""f""</span>&emsp;<span style=""font-size:24px; color:green;"">igen: ""j""</span></p>	<p style=""font-size:48px;"">materok</p>	FALSE	TRUE	
mater	193	2954	-2.7282252741864395	3147	la	mater		pl_front	materek	<p>Ez egy mater. Ezek itt materek.</p><p><span style=""font-size:24px; color:red;"">nem: ""f""</span>&emsp;<span style=""font-size:24px; color:green;"">igen: ""j""</span></p>	<p style=""font-size:48px;"">materek</p>	TRUE	TRUE	
mater	193	2954	-2.7282252741864395	3147	la	mater		ine_back	materban	<p>Ez egy mater. Bízom a materban.</p><p><span style=""font-size:24px; color:red;"">nem: ""f""</span>&emsp;<span style=""font-size:24px; color:green;"">igen: ""j""</span></p>	<p style=""font-size:48px;"">materban</p>	FALSE	FALSE	
mater	193	2954	-2.7282252741864395	3147	la	mater		ine_front	materben	<p>Ez egy mater. Bízom a materben.</p><p><span style=""font-size:24px; color:red;"">nem: ""f""</span>&emsp;<span style=""font-size:24px; color:green;"">igen: ""j""</span></p>	<p style=""font-size:48px;"">materben</p>	TRUE	FALSE	
muter	745	102	1.9884114050952884	847	yi	muter		pl_back	muterok	<p>Ez egy muter. Ezek itt muterok.</p><p><span style=""font-size:24px; color:red;"">nem: ""f""</span>&emsp;<span style=""font-size:24px; color:green;"">igen: ""j""</span></p>	<p style=""font-size:48px;"">muterok</p>	FALSE	TRUE	
muter	745	102	1.9884114050952884	847	yi	muter		pl_front	muterek	<p>Ez egy muter. Ezek itt muterek.</p><p><span style=""font-size:24px; color:red;"">nem: ""f""</span>&emsp;<span style=""font-size:24px; color:green;"">igen: ""j""</span></p>	<p style=""font-size:48px;"">muterek</p>	TRUE	TRUE	
muter	745	102	1.9884114050952884	847	yi	muter		ine_back	muterban	<p>Ez egy muter. Bízom a muterban.</p><p><span style=""font-size:24px; color:red;"">nem: ""f""</span>&emsp;<span style=""font-size:24px; color:green;"">igen: ""j""</span></p>	<p style=""font-size:48px;"">muterban</p>	FALSE	FALSE	
muter	745	102	1.9884114050952884	847	yi	muter		ine_front	muterben	<p>Ez egy muter. Bízom a muterben.</p><p><span style=""font-size:24px; color:red;"">nem: ""f""</span>&emsp;<span style=""font-size:24px; color:green;"">igen: ""j""</span></p>	<p style=""font-size:48px;"">muterben</p>	TRUE	FALSE	
pajesz	271	14	2.963061491264442	285	yi	pajes		pl_back	pajeszok	<p>Ez egy pajesz. Ezek itt pajeszok.</p><p><span style=""font-size:24px; color:red;"">nem: ""f""</span>&emsp;<span style=""font-size:24px; color:green;"">igen: ""j""</span></p>	<p style=""font-size:48px;"">pajeszok</p>	FALSE	TRUE	
pajesz	271	14	2.963061491264442	285	yi	pajes		pl_front	pajeszek	<p>Ez egy pajesz. Ezek itt pajeszek.</p><p><span style=""font-size:24px; color:red;"">nem: ""f""</span>&emsp;<span style=""font-size:24px; color:green;"">igen: ""j""</span></p>	<p style=""font-size:48px;"">pajeszek</p>	TRUE	TRUE	
pajesz	271	14	2.963061491264442	285	yi	pajes		ine_back	pajeszban	<p>Ez egy pajesz. Bízom a pajeszban.</p><p><span style=""font-size:24px; color:red;"">nem: ""f""</span>&emsp;<span style=""font-size:24px; color:green;"">igen: ""j""</span></p>	<p style=""font-size:48px;"">pajeszban</p>	FALSE	FALSE	
pajesz	271	14	2.963061491264442	285	yi	pajes		ine_front	pajeszben	<p>Ez egy pajesz. Bízom a pajeszben.</p><p><span style=""font-size:24px; color:red;"">nem: ""f""</span>&emsp;<span style=""font-size:24px; color:green;"">igen: ""j""</span></p>	<p style=""font-size:48px;"">pajeszben</p>	TRUE	FALSE	
pollen	7	10478	-7.311122950912852	10485	la	pollen		pl_back	pollenok	<p>Ez egy pollen. Ezek itt pollenok.</p><p><span style=""font-size:24px; color:red;"">nem: ""f""</span>&emsp;<span style=""font-size:24px; color:green;"">igen: ""j""</span></p>	<p style=""font-size:48px;"">pollenok</p>	FALSE	TRUE	
pollen	7	10478	-7.311122950912852	10485	la	pollen		pl_front	pollenek	<p>Ez egy pollen. Ezek itt pollenek.</p><p><span style=""font-size:24px; color:red;"">nem: ""f""</span>&emsp;<span style=""font-size:24px; color:green;"">igen: ""j""</span></p>	<p style=""font-size:48px;"">pollenek</p>	TRUE	TRUE	
pollen	7	10478	-7.311122950912852	10485	la	pollen		ine_back	pollenban	<p>Ez egy pollen. Bízom a pollenban.</p><p><span style=""font-size:24px; color:red;"">nem: ""f""</span>&emsp;<span style=""font-size:24px; color:green;"">igen: ""j""</span></p>	<p style=""font-size:48px;"">pollenban</p>	FALSE	FALSE	
pollen	7	10478	-7.311122950912852	10485	la	pollen		ine_front	pollenben	<p>Ez egy pollen. Bízom a pollenben.</p><p><span style=""font-size:24px; color:red;"">nem: ""f""</span>&emsp;<span style=""font-size:24px; color:green;"">igen: ""j""</span></p>	<p style=""font-size:48px;"">pollenben</p>	TRUE	FALSE	
pátens	2	616	-5.730099782973574	618	la	pátenš		pl_back	pátensok	<p>Ez egy pátens. Ezek itt pátensok.</p><p><span style=""font-size:24px; color:red;"">nem: ""f""</span>&emsp;<span style=""font-size:24px; color:green;"">igen: ""j""</span></p>	<p style=""font-size:48px;"">pátensok</p>	FALSE	TRUE	
pátens	2	616	-5.730099782973574	618	la	pátenš		pl_front	pátensek	<p>Ez egy pátens. Ezek itt pátensek.</p><p><span style=""font-size:24px; color:red;"">nem: ""f""</span>&emsp;<span style=""font-size:24px; color:green;"">igen: ""j""</span></p>	<p style=""font-size:48px;"">pátensek</p>	TRUE	TRUE	
pátens	2	616	-5.730099782973574	618	la	pátenš		ine_back	pátensban	<p>Ez egy pátens. Bízom a pátensban.</p><p><span style=""font-size:24px; color:red;"">nem: ""f""</span>&emsp;<span style=""font-size:24px; color:green;"">igen: ""j""</span></p>	<p style=""font-size:48px;"">pátensban</p>	FALSE	FALSE	
pátens	2	616	-5.730099782973574	618	la	pátenš		ine_front	pátensben	<p>Ez egy pátens. Bízom a pátensben.</p><p><span style=""font-size:24px; color:red;"">nem: ""f""</span>&emsp;<span style=""font-size:24px; color:green;"">igen: ""j""</span></p>	<p style=""font-size:48px;"">pátensben</p>	TRUE	FALSE	
páter	32	923	-3.3618933317031257	955	la	páter		pl_back	páterok	<p>Ez egy páter. Ezek itt páterok.</p><p><span style=""font-size:24px; color:red;"">nem: ""f""</span>&emsp;<span style=""font-size:24px; color:green;"">igen: ""j""</span></p>	<p style=""font-size:48px;"">páterok</p>	FALSE	TRUE	
páter	32	923	-3.3618933317031257	955	la	páter		pl_front	páterek	<p>Ez egy páter. Ezek itt páterek.</p><p><span style=""font-size:24px; color:red;"">nem: ""f""</span>&emsp;<span style=""font-size:24px; color:green;"">igen: ""j""</span></p>	<p style=""font-size:48px;"">páterek</p>	TRUE	TRUE	
páter	32	923	-3.3618933317031257	955	la	páter		ine_back	páterban	<p>Ez egy páter. Bízom a páterban.</p><p><span style=""font-size:24px; color:red;"">nem: ""f""</span>&emsp;<span style=""font-size:24px; color:green;"">igen: ""j""</span></p>	<p style=""font-size:48px;"">páterban</p>	FALSE	FALSE	
páter	32	923	-3.3618933317031257	955	la	páter		ine_front	páterben	<p>Ez egy páter. Bízom a páterben.</p><p><span style=""font-size:24px; color:red;"">nem: ""f""</span>&emsp;<span style=""font-size:24px; color:green;"">igen: ""j""</span></p>	<p style=""font-size:48px;"">páterben</p>	TRUE	FALSE	
samesz	484	188	0.9456429438866824	672	yi	šames		pl_back	sameszok	<p>Ez egy samesz. Ezek itt sameszok.</p><p><span style=""font-size:24px; color:red;"">nem: ""f""</span>&emsp;<span style=""font-size:24px; color:green;"">igen: ""j""</span></p>	<p style=""font-size:48px;"">sameszok</p>	FALSE	TRUE	
samesz	484	188	0.9456429438866824	672	yi	šames		pl_front	sameszek	<p>Ez egy samesz. Ezek itt sameszek.</p><p><span style=""font-size:24px; color:red;"">nem: ""f""</span>&emsp;<span style=""font-size:24px; color:green;"">igen: ""j""</span></p>	<p style=""font-size:48px;"">sameszek</p>	TRUE	TRUE	
samesz	484	188	0.9456429438866824	672	yi	šames		ine_back	sameszban	<p>Ez egy samesz. Bízom a sameszban.</p><p><span style=""font-size:24px; color:red;"">nem: ""f""</span>&emsp;<span style=""font-size:24px; color:green;"">igen: ""j""</span></p>	<p style=""font-size:48px;"">sameszban</p>	FALSE	FALSE	
samesz	484	188	0.9456429438866824	672	yi	šames		ine_front	sameszben	<p>Ez egy samesz. Bízom a sameszben.</p><p><span style=""font-size:24px; color:red;"">nem: ""f""</span>&emsp;<span style=""font-size:24px; color:green;"">igen: ""j""</span></p>	<p style=""font-size:48px;"">sameszben</p>	TRUE	FALSE	
sábesz	10	102	-2.3223877202902252	112	yi	šábes		pl_back	sábeszok	<p>Ez egy sábesz. Ezek itt sábeszok.</p><p><span style=""font-size:24px; color:red;"">nem: ""f""</span>&emsp;<span style=""font-size:24px; color:green;"">igen: ""j""</span></p>	<p style=""font-size:48px;"">sábeszok</p>	FALSE	TRUE	
sábesz	10	102	-2.3223877202902252	112	yi	šábes		pl_front	sábeszek	<p>Ez egy sábesz. Ezek itt sábeszek.</p><p><span style=""font-size:24px; color:red;"">nem: ""f""</span>&emsp;<span style=""font-size:24px; color:green;"">igen: ""j""</span></p>	<p style=""font-size:48px;"">sábeszek</p>	TRUE	TRUE	
sábesz	10	102	-2.3223877202902252	112	yi	šábes		ine_back	sábeszban	<p>Ez egy sábesz. Bízom a sábeszban.</p><p><span style=""font-size:24px; color:red;"">nem: ""f""</span>&emsp;<span style=""font-size:24px; color:green;"">igen: ""j""</span></p>	<p style=""font-size:48px;"">sábeszban</p>	FALSE	FALSE	
sábesz	10	102	-2.3223877202902252	112	yi	šábes		ine_front	sábeszben	<p>Ez egy sábesz. Bízom a sábeszben.</p><p><span style=""font-size:24px; color:red;"">nem: ""f""</span>&emsp;<span style=""font-size:24px; color:green;"">igen: ""j""</span></p>	<p style=""font-size:48px;"">sábeszben</p>	TRUE	FALSE	
sólet	86	1280	-2.700268060660155	1366	yi	šólet		pl_back	sóletok	<p>Ez egy sólet. Ezek itt sóletok.</p><p><span style=""font-size:24px; color:red;"">nem: ""f""</span>&emsp;<span style=""font-size:24px; color:green;"">igen: ""j""</span></p>	<p style=""font-size:48px;"">sóletok</p>	FALSE	TRUE	
sólet	86	1280	-2.700268060660155	1366	yi	šólet		pl_front	sóletek	<p>Ez egy sólet. Ezek itt sóletek.</p><p><span style=""font-size:24px; color:red;"">nem: ""f""</span>&emsp;<span style=""font-size:24px; color:green;"">igen: ""j""</span></p>	<p style=""font-size:48px;"">sóletek</p>	TRUE	TRUE	
sólet	86	1280	-2.700268060660155	1366	yi	šólet		ine_back	sóletban	<p>Ez egy sólet. Bízom a sóletban.</p><p><span style=""font-size:24px; color:red;"">nem: ""f""</span>&emsp;<span style=""font-size:24px; color:green;"">igen: ""j""</span></p>	<p style=""font-size:48px;"">sóletban</p>	FALSE	FALSE	
sólet	86	1280	-2.700268060660155	1366	yi	šólet		ine_front	sóletben	<p>Ez egy sólet. Bízom a sóletben.</p><p><span style=""font-size:24px; color:red;"">nem: ""f""</span>&emsp;<span style=""font-size:24px; color:green;"">igen: ""j""</span></p>	<p style=""font-size:48px;"">sóletben</p>	TRUE	FALSE	
vamzer	9	107	-2.4756042571256867	116	yi	vamzer		pl_back	vamzerok	<p>Ez egy vamzer. Ezek itt vamzerok.</p><p><span style=""font-size:24px; color:red;"">nem: ""f""</span>&emsp;<span style=""font-size:24px; color:green;"">igen: ""j""</span></p>	<p style=""font-size:48px;"">vamzerok</p>	FALSE	TRUE	
vamzer	9	107	-2.4756042571256867	116	yi	vamzer		pl_front	vamzerek	<p>Ez egy vamzer. Ezek itt vamzerek.</p><p><span style=""font-size:24px; color:red;"">nem: ""f""</span>&emsp;<span style=""font-size:24px; color:green;"">igen: ""j""</span></p>	<p style=""font-size:48px;"">vamzerek</p>	TRUE	TRUE	
vamzer	9	107	-2.4756042571256867	116	yi	vamzer		ine_back	vamzerban	<p>Ez egy vamzer. Bízom a vamzerban.</p><p><span style=""font-size:24px; color:red;"">nem: ""f""</span>&emsp;<span style=""font-size:24px; color:green;"">igen: ""j""</span></p>	<p style=""font-size:48px;"">vamzerban</p>	FALSE	FALSE	
vamzer	9	107	-2.4756042571256867	116	yi	vamzer		ine_front	vamzerben	<p>Ez egy vamzer. Bízom a vamzerben.</p><p><span style=""font-size:24px; color:red;"">nem: ""f""</span>&emsp;<span style=""font-size:24px; color:green;"">igen: ""j""</span></p>	<p style=""font-size:48px;"">vamzerben</p>	TRUE	FALSE	
vátesz	1	737	-6.602587892189336	738	la	vátes		pl_back	váteszok	<p>Ez egy vátesz. Ezek itt váteszok.</p><p><span style=""font-size:24px; color:red;"">nem: ""f""</span>&emsp;<span style=""font-size:24px; color:green;"">igen: ""j""</span></p>	<p style=""font-size:48px;"">váteszok</p>	FALSE	TRUE	
vátesz	1	737	-6.602587892189336	738	la	vátes		pl_front	váteszek	<p>Ez egy vátesz. Ezek itt váteszek.</p><p><span style=""font-size:24px; color:red;"">nem: ""f""</span>&emsp;<span style=""font-size:24px; color:green;"">igen: ""j""</span></p>	<p style=""font-size:48px;"">váteszek</p>	TRUE	TRUE	
vátesz	1	737	-6.602587892189336	738	la	vátes		ine_back	váteszban	<p>Ez egy vátesz. Bízom a váteszban.</p><p><span style=""font-size:24px; color:red;"">nem: ""f""</span>&emsp;<span style=""font-size:24px; color:green;"">igen: ""j""</span></p>	<p style=""font-size:48px;"">váteszban</p>	FALSE	FALSE	
vátesz	1	737	-6.602587892189336	738	la	vátes		ine_front	váteszben	<p>Ez egy vátesz. Bízom a váteszben.</p><p><span style=""font-size:24px; color:red;"">nem: ""f""</span>&emsp;<span style=""font-size:24px; color:green;"">igen: ""j""</span></p>	<p style=""font-size:48px;"">váteszben</p>	TRUE	FALSE	
zacsek	59	12	1.5926307941177191	71	yi	začek		pl_back	zacsekok	<p>Ez egy zacsek. Ezek itt zacsekok.</p><p><span style=""font-size:24px; color:red;"">nem: ""f""</span>&emsp;<span style=""font-size:24px; color:green;"">igen: ""j""</span></p>	<p style=""font-size:48px;"">zacsekok</p>	FALSE	TRUE	
zacsek	59	12	1.5926307941177191	71	yi	začek		pl_front	zacsekek	<p>Ez egy zacsek. Ezek itt zacsekek.</p><p><span style=""font-size:24px; color:red;"">nem: ""f""</span>&emsp;<span style=""font-size:24px; color:green;"">igen: ""j""</span></p>	<p style=""font-size:48px;"">zacsekek</p>	TRUE	TRUE	
zacsek	59	12	1.5926307941177191	71	yi	začek		ine_back	zacsekban	<p>Ez egy zacsek. Bízom a zacsekban.</p><p><span style=""font-size:24px; color:red;"">nem: ""f""</span>&emsp;<span style=""font-size:24px; color:green;"">igen: ""j""</span></p>	<p style=""font-size:48px;"">zacsekban</p>	FALSE	FALSE	
zacsek	59	12	1.5926307941177191	71	yi	začek		ine_front	zacsekben	<p>Ez egy zacsek. Bízom a zacsekben.</p><p><span style=""font-size:24px; color:red;"">nem: ""f""</span>&emsp;<span style=""font-size:24px; color:green;"">igen: ""j""</span></p>	<p style=""font-size:48px;"">zacsekben</p>	TRUE	FALSE	
ágens	7	7110	-6.923347373741973	7117	la	ágenš	z	pl_back	ágensok	<p>Ez egy ágens. Ezek itt ágensok.</p><p><span style=""font-size:24px; color:red;"">nem: ""f""</span>&emsp;<span style=""font-size:24px; color:green;"">igen: ""j""</span></p>	<p style=""font-size:48px;"">ágensok</p>	FALSE	TRUE	
ágens	7	7110	-6.923347373741973	7117	la	ágenš	z	pl_front	ágensek	<p>Ez egy ágens. Ezek itt ágensek.</p><p><span style=""font-size:24px; color:red;"">nem: ""f""</span>&emsp;<span style=""font-size:24px; color:green;"">igen: ""j""</span></p>	<p style=""font-size:48px;"">ágensek</p>	TRUE	TRUE	
ágens	7	7110	-6.923347373741973	7117	la	ágenš	z	ine_back	ágensban	<p>Ez egy ágens. Bízom az ágensban.</p><p><span style=""font-size:24px; color:red;"">nem: ""f""</span>&emsp;<span style=""font-size:24px; color:green;"">igen: ""j""</span></p>	<p style=""font-size:48px;"">ágensban</p>	FALSE	FALSE	
ágens	7	7110	-6.923347373741973	7117	la	ágenš	z	ine_front	ágensben	<p>Ez egy ágens. Bízom az ágensben.</p><p><span style=""font-size:24px; color:red;"">nem: ""f""</span>&emsp;<span style=""font-size:24px; color:green;"">igen: ""j""</span></p>	<p style=""font-size:48px;"">ágensben</p>	TRUE	FALSE	
ájer	15	67	-1.496642418288756	82	yi	ájer	z	pl_back	ájerok	<p>Ez egy ájer. Ezek itt ájerok.</p><p><span style=""font-size:24px; color:red;"">nem: ""f""</span>&emsp;<span style=""font-size:24px; color:green;"">igen: ""j""</span></p>	<p style=""font-size:48px;"">ájerok</p>	FALSE	TRUE	
ájer	15	67	-1.496642418288756	82	yi	ájer	z	pl_front	ájerek	<p>Ez egy ájer. Ezek itt ájerek.</p><p><span style=""font-size:24px; color:red;"">nem: ""f""</span>&emsp;<span style=""font-size:24px; color:green;"">igen: ""j""</span></p>	<p style=""font-size:48px;"">ájerek</p>	TRUE	TRUE	
ájer	15	67	-1.496642418288756	82	yi	ájer	z	ine_back	ájerban	<p>Ez egy ájer. Bízom az ájerban.</p><p><span style=""font-size:24px; color:red;"">nem: ""f""</span>&emsp;<span style=""font-size:24px; color:green;"">igen: ""j""</span></p>	<p style=""font-size:48px;"">ájerban</p>	FALSE	FALSE	
ájer	15	67	-1.496642418288756	82	yi	ájer	z	ine_front	ájerben	<p>Ez egy ájer. Bízom az ájerben.</p><p><span style=""font-size:24px; color:red;"">nem: ""f""</span>&emsp;<span style=""font-size:24px; color:green;"">igen: ""j""</span></p>	<p style=""font-size:48px;"">ájerben</p>	TRUE	FALSE	
ómen	2	996	-6.210600077024653	998	la	ómen	z	pl_back	ómenok	<p>Ez egy ómen. Ezek itt ómenok.</p><p><span style=""font-size:24px; color:red;"">nem: ""f""</span>&emsp;<span style=""font-size:24px; color:green;"">igen: ""j""</span></p>	<p style=""font-size:48px;"">ómenok</p>	FALSE	TRUE	
ómen	2	996	-6.210600077024653	998	la	ómen	z	pl_front	ómenek	<p>Ez egy ómen. Ezek itt ómenek.</p><p><span style=""font-size:24px; color:red;"">nem: ""f""</span>&emsp;<span style=""font-size:24px; color:green;"">igen: ""j""</span></p>	<p style=""font-size:48px;"">ómenek</p>	TRUE	TRUE	
ómen	2	996	-6.210600077024653	998	la	ómen	z	ine_back	ómenban	<p>Ez egy ómen. Bízom az ómenban.</p><p><span style=""font-size:24px; color:red;"">nem: ""f""</span>&emsp;<span style=""font-size:24px; color:green;"">igen: ""j""</span></p>	<p style=""font-size:48px;"">ómenban</p>	FALSE	FALSE	
ómen	2	996	-6.210600077024653	998	la	ómen	z	ine_front	ómenben	<p>Ez egy ómen. Bízom az ómenben.</p><p><span style=""font-size:24px; color:red;"">nem: ""f""</span>&emsp;<span style=""font-size:24px; color:green;"">igen: ""j""</span></p>	<p style=""font-size:48px;"">ómenben</p>	TRUE	FALSE	
bakter	366	268	0.3116463528905096	634	de	bakter		pl_back	bakterok	<p>Ez egy bakter. Ezek itt bakterok.</p><p><span style=""font-size:24px; color:red;"">nem: ""f""</span>&emsp;<span style=""font-size:24px; color:green;"">igen: ""j""</span></p>	<p style=""font-size:48px;"">bakterok</p>	FALSE	TRUE	
bakter	366	268	0.3116463528905096	634	de	bakter		pl_front	bakterek	<p>Ez egy bakter. Ezek itt bakterek.</p><p><span style=""font-size:24px; color:red;"">nem: ""f""</span>&emsp;<span style=""font-size:24px; color:green;"">igen: ""j""</span></p>	<p style=""font-size:48px;"">bakterek</p>	TRUE	TRUE	
bakter	366	268	0.3116463528905096	634	de	bakter		ine_back	bakterban	<p>Ez egy bakter. Bízom a bakterban.</p><p><span style=""font-size:24px; color:red;"">nem: ""f""</span>&emsp;<span style=""font-size:24px; color:green;"">igen: ""j""</span></p>	<p style=""font-size:48px;"">bakterban</p>	FALSE	FALSE	
bakter	366	268	0.3116463528905096	634	de	bakter		ine_front	bakterben	<p>Ez egy bakter. Bízom a bakterben.</p><p><span style=""font-size:24px; color:red;"">nem: ""f""</span>&emsp;<span style=""font-size:24px; color:green;"">igen: ""j""</span></p>	<p style=""font-size:48px;"">bakterben</p>	TRUE	FALSE	
flanel	73	159	-0.7784447610718404	232	fr	flanel		pl_back	flanelok	<p>Ez egy flanel. Ezek itt flanelok.</p><p><span style=""font-size:24px; color:red;"">nem: ""f""</span>&emsp;<span style=""font-size:24px; color:green;"">igen: ""j""</span></p>	<p style=""font-size:48px;"">flanelok</p>	FALSE	TRUE	
flanel	73	159	-0.7784447610718404	232	fr	flanel		pl_front	flanelek	<p>Ez egy flanel. Ezek itt flanelek.</p><p><span style=""font-size:24px; color:red;"">nem: ""f""</span>&emsp;<span style=""font-size:24px; color:green;"">igen: ""j""</span></p>	<p style=""font-size:48px;"">flanelek</p>	TRUE	TRUE	
flanel	73	159	-0.7784447610718404	232	fr	flanel		ine_back	flanelban	<p>Ez egy flanel. Bízom a flanelban.</p><p><span style=""font-size:24px; color:red;"">nem: ""f""</span>&emsp;<span style=""font-size:24px; color:green;"">igen: ""j""</span></p>	<p style=""font-size:48px;"">flanelban</p>	FALSE	FALSE	
flanel	73	159	-0.7784447610718404	232	fr	flanel		ine_front	flanelben	<p>Ez egy flanel. Bízom a flanelben.</p><p><span style=""font-size:24px; color:red;"">nem: ""f""</span>&emsp;<span style=""font-size:24px; color:green;"">igen: ""j""</span></p>	<p style=""font-size:48px;"">flanelben</p>	TRUE	FALSE	
fotel	11597	25177	-0.7751844353673116	36774	fr	fotel		pl_back	fotelok	<p>Ez egy fotel. Ezek itt fotelok.</p><p><span style=""font-size:24px; color:red;"">nem: ""f""</span>&emsp;<span style=""font-size:24px; color:green;"">igen: ""j""</span></p>	<p style=""font-size:48px;"">fotelok</p>	FALSE	TRUE	
fotel	11597	25177	-0.7751844353673116	36774	fr	fotel		pl_front	fotelek	<p>Ez egy fotel. Ezek itt fotelek.</p><p><span style=""font-size:24px; color:red;"">nem: ""f""</span>&emsp;<span style=""font-size:24px; color:green;"">igen: ""j""</span></p>	<p style=""font-size:48px;"">fotelek</p>	TRUE	TRUE	
fotel	11597	25177	-0.7751844353673116	36774	fr	fotel		ine_back	fotelban	<p>Ez egy fotel. Bízom a fotelban.</p><p><span style=""font-size:24px; color:red;"">nem: ""f""</span>&emsp;<span style=""font-size:24px; color:green;"">igen: ""j""</span></p>	<p style=""font-size:48px;"">fotelban</p>	FALSE	FALSE	
fotel	11597	25177	-0.7751844353673116	36774	fr	fotel		ine_front	fotelben	<p>Ez egy fotel. Bízom a fotelben.</p><p><span style=""font-size:24px; color:red;"">nem: ""f""</span>&emsp;<span style=""font-size:24px; color:green;"">igen: ""j""</span></p>	<p style=""font-size:48px;"">fotelben</p>	TRUE	FALSE	
gatyesz	22	9	0.8938178760220965	31	hu	gaṯes		pl_back	gatyeszok	<p>Ez egy gatyesz. Ezek itt gatyeszok.</p><p><span style=""font-size:24px; color:red;"">nem: ""f""</span>&emsp;<span style=""font-size:24px; color:green;"">igen: ""j""</span></p>	<p style=""font-size:48px;"">gatyeszok</p>	FALSE	TRUE	
gatyesz	22	9	0.8938178760220965	31	hu	gaṯes		pl_front	gatyeszek	<p>Ez egy gatyesz. Ezek itt gatyeszek.</p><p><span style=""font-size:24px; color:red;"">nem: ""f""</span>&emsp;<span style=""font-size:24px; color:green;"">igen: ""j""</span></p>	<p style=""font-size:48px;"">gatyeszek</p>	TRUE	TRUE	
gatyesz	22	9	0.8938178760220965	31	hu	gaṯes		ine_back	gatyeszban	<p>Ez egy gatyesz. Bízom a gatyeszban.</p><p><span style=""font-size:24px; color:red;"">nem: ""f""</span>&emsp;<span style=""font-size:24px; color:green;"">igen: ""j""</span></p>	<p style=""font-size:48px;"">gatyeszban</p>	FALSE	FALSE	
gatyesz	22	9	0.8938178760220965	31	hu	gaṯes		ine_front	gatyeszben	<p>Ez egy gatyesz. Bízom a gatyeszben.</p><p><span style=""font-size:24px; color:red;"">nem: ""f""</span>&emsp;<span style=""font-size:24px; color:green;"">igen: ""j""</span></p>	<p style=""font-size:48px;"">gatyeszben</p>	TRUE	FALSE	
jampec	183	281	-0.4288685164923248	464	de	jampec		pl_back	jampecok	<p>Ez egy jampec. Ezek itt jampecok.</p><p><span style=""font-size:24px; color:red;"">nem: ""f""</span>&emsp;<span style=""font-size:24px; color:green;"">igen: ""j""</span></p>	<p style=""font-size:48px;"">jampecok</p>	FALSE	TRUE	
jampec	183	281	-0.4288685164923248	464	de	jampec		pl_front	jampecek	<p>Ez egy jampec. Ezek itt jampecek.</p><p><span style=""font-size:24px; color:red;"">nem: ""f""</span>&emsp;<span style=""font-size:24px; color:green;"">igen: ""j""</span></p>	<p style=""font-size:48px;"">jampecek</p>	TRUE	TRUE	
jampec	183	281	-0.4288685164923248	464	de	jampec		ine_back	jampecban	<p>Ez egy jampec. Bízom a jampecban.</p><p><span style=""font-size:24px; color:red;"">nem: ""f""</span>&emsp;<span style=""font-size:24px; color:green;"">igen: ""j""</span></p>	<p style=""font-size:48px;"">jampecban</p>	FALSE	FALSE	
jampec	183	281	-0.4288685164923248	464	de	jampec		ine_front	jampecben	<p>Ez egy jampec. Bízom a jampecben.</p><p><span style=""font-size:24px; color:red;"">nem: ""f""</span>&emsp;<span style=""font-size:24px; color:green;"">igen: ""j""</span></p>	<p style=""font-size:48px;"">jampecben</p>	TRUE	FALSE	
kadet	158	416	-0.9680902272342964	574	fr	kadet		pl_back	kadetok	<p>Ez egy kadet. Ezek itt kadetok.</p><p><span style=""font-size:24px; color:red;"">nem: ""f""</span>&emsp;<span style=""font-size:24px; color:green;"">igen: ""j""</span></p>	<p style=""font-size:48px;"">kadetok</p>	FALSE	TRUE	
kadet	158	416	-0.9680902272342964	574	fr	kadet		pl_front	kadetek	<p>Ez egy kadet. Ezek itt kadetek.</p><p><span style=""font-size:24px; color:red;"">nem: ""f""</span>&emsp;<span style=""font-size:24px; color:green;"">igen: ""j""</span></p>	<p style=""font-size:48px;"">kadetek</p>	TRUE	TRUE	
kadet	158	416	-0.9680902272342964	574	fr	kadet		ine_back	kadetban	<p>Ez egy kadet. Bízom a kadetban.</p><p><span style=""font-size:24px; color:red;"">nem: ""f""</span>&emsp;<span style=""font-size:24px; color:green;"">igen: ""j""</span></p>	<p style=""font-size:48px;"">kadetban</p>	FALSE	FALSE	
kadet	158	416	-0.9680902272342964	574	fr	kadet		ine_front	kadetben	<p>Ez egy kadet. Bízom a kadetben.</p><p><span style=""font-size:24px; color:red;"">nem: ""f""</span>&emsp;<span style=""font-size:24px; color:green;"">igen: ""j""</span></p>	<p style=""font-size:48px;"">kadetben</p>	TRUE	FALSE	
karter	113	232	-0.7193495529539694	345	en	karter		pl_back	karterok	<p>Ez egy karter. Ezek itt karterok.</p><p><span style=""font-size:24px; color:red;"">nem: ""f""</span>&emsp;<span style=""font-size:24px; color:green;"">igen: ""j""</span></p>	<p style=""font-size:48px;"">karterok</p>	FALSE	TRUE	
karter	113	232	-0.7193495529539694	345	en	karter		pl_front	karterek	<p>Ez egy karter. Ezek itt karterek.</p><p><span style=""font-size:24px; color:red;"">nem: ""f""</span>&emsp;<span style=""font-size:24px; color:green;"">igen: ""j""</span></p>	<p style=""font-size:48px;"">karterek</p>	TRUE	TRUE	
karter	113	232	-0.7193495529539694	345	en	karter		ine_back	karterban	<p>Ez egy karter. Bízom a karterban.</p><p><span style=""font-size:24px; color:red;"">nem: ""f""</span>&emsp;<span style=""font-size:24px; color:green;"">igen: ""j""</span></p>	<p style=""font-size:48px;"">karterban</p>	FALSE	FALSE	
karter	113	232	-0.7193495529539694	345	en	karter		ine_front	karterben	<p>Ez egy karter. Bízom a karterben.</p><p><span style=""font-size:24px; color:red;"">nem: ""f""</span>&emsp;<span style=""font-size:24px; color:green;"">igen: ""j""</span></p>	<p style=""font-size:48px;"">karterben</p>	TRUE	FALSE	
klapec	18	9	0.6931471805599453	27	de	klapec		pl_back	klapecok	<p>Ez egy klapec. Ezek itt klapecok.</p><p><span style=""font-size:24px; color:red;"">nem: ""f""</span>&emsp;<span style=""font-size:24px; color:green;"">igen: ""j""</span></p>	<p style=""font-size:48px;"">klapecok</p>	FALSE	TRUE	
klapec	18	9	0.6931471805599453	27	de	klapec		pl_front	klapecek	<p>Ez egy klapec. Ezek itt klapecek.</p><p><span style=""font-size:24px; color:red;"">nem: ""f""</span>&emsp;<span style=""font-size:24px; color:green;"">igen: ""j""</span></p>	<p style=""font-size:48px;"">klapecek</p>	TRUE	TRUE	
klapec	18	9	0.6931471805599453	27	de	klapec		ine_back	klapecban	<p>Ez egy klapec. Bízom a klapecban.</p><p><span style=""font-size:24px; color:red;"">nem: ""f""</span>&emsp;<span style=""font-size:24px; color:green;"">igen: ""j""</span></p>	<p style=""font-size:48px;"">klapecban</p>	FALSE	FALSE	
klapec	18	9	0.6931471805599453	27	de	klapec		ine_front	klapecben	<p>Ez egy klapec. Bízom a klapecben.</p><p><span style=""font-size:24px; color:red;"">nem: ""f""</span>&emsp;<span style=""font-size:24px; color:green;"">igen: ""j""</span></p>	<p style=""font-size:48px;"">klapecben</p>	TRUE	FALSE	
klozet	388	185	0.7406495145449485	573	fr	klozet		pl_back	klozetok	<p>Ez egy klozet. Ezek itt klozetok.</p><p><span style=""font-size:24px; color:red;"">nem: ""f""</span>&emsp;<span style=""font-size:24px; color:green;"">igen: ""j""</span></p>	<p style=""font-size:48px;"">klozetok</p>	FALSE	TRUE	
klozet	388	185	0.7406495145449485	573	fr	klozet		pl_front	klozetek	<p>Ez egy klozet. Ezek itt klozetek.</p><p><span style=""font-size:24px; color:red;"">nem: ""f""</span>&emsp;<span style=""font-size:24px; color:green;"">igen: ""j""</span></p>	<p style=""font-size:48px;"">klozetek</p>	TRUE	TRUE	
klozet	388	185	0.7406495145449485	573	fr	klozet		ine_back	klozetban	<p>Ez egy klozet. Bízom a klozetban.</p><p><span style=""font-size:24px; color:red;"">nem: ""f""</span>&emsp;<span style=""font-size:24px; color:green;"">igen: ""j""</span></p>	<p style=""font-size:48px;"">klozetban</p>	FALSE	FALSE	
klozet	388	185	0.7406495145449485	573	fr	klozet		ine_front	klozetben	<p>Ez egy klozet. Bízom a klozetben.</p><p><span style=""font-size:24px; color:red;"">nem: ""f""</span>&emsp;<span style=""font-size:24px; color:green;"">igen: ""j""</span></p>	<p style=""font-size:48px;"">klozetben</p>	TRUE	FALSE	
kolesz	2920	320	2.211017899468555	3240	hu	koles		pl_back	koleszok	<p>Ez egy kolesz. Ezek itt koleszok.</p><p><span style=""font-size:24px; color:red;"">nem: ""f""</span>&emsp;<span style=""font-size:24px; color:green;"">igen: ""j""</span></p>	<p style=""font-size:48px;"">koleszok</p>	FALSE	TRUE	
kolesz	2920	320	2.211017899468555	3240	hu	koles		pl_front	koleszek	<p>Ez egy kolesz. Ezek itt koleszek.</p><p><span style=""font-size:24px; color:red;"">nem: ""f""</span>&emsp;<span style=""font-size:24px; color:green;"">igen: ""j""</span></p>	<p style=""font-size:48px;"">koleszek</p>	TRUE	TRUE	
kolesz	2920	320	2.211017899468555	3240	hu	koles		ine_back	koleszban	<p>Ez egy kolesz. Bízom a koleszban.</p><p><span style=""font-size:24px; color:red;"">nem: ""f""</span>&emsp;<span style=""font-size:24px; color:green;"">igen: ""j""</span></p>	<p style=""font-size:48px;"">koleszban</p>	FALSE	FALSE	
kolesz	2920	320	2.211017899468555	3240	hu	koles		ine_front	koleszben	<p>Ez egy kolesz. Bízom a koleszben.</p><p><span style=""font-size:24px; color:red;"">nem: ""f""</span>&emsp;<span style=""font-size:24px; color:green;"">igen: ""j""</span></p>	<p style=""font-size:48px;"">koleszben</p>	TRUE	FALSE	
krapek	436	39	2.414080597219388	475	de	krapek		pl_back	krapekok	<p>Ez egy krapek. Ezek itt krapekok.</p><p><span style=""font-size:24px; color:red;"">nem: ""f""</span>&emsp;<span style=""font-size:24px; color:green;"">igen: ""j""</span></p>	<p style=""font-size:48px;"">krapekok</p>	FALSE	TRUE	
krapek	436	39	2.414080597219388	475	de	krapek		pl_front	krapekek	<p>Ez egy krapek. Ezek itt krapekek.</p><p><span style=""font-size:24px; color:red;"">nem: ""f""</span>&emsp;<span style=""font-size:24px; color:green;"">igen: ""j""</span></p>	<p style=""font-size:48px;"">krapekek</p>	TRUE	TRUE	
krapek	436	39	2.414080597219388	475	de	krapek		ine_back	krapekban	<p>Ez egy krapek. Bízom a krapekban.</p><p><span style=""font-size:24px; color:red;"">nem: ""f""</span>&emsp;<span style=""font-size:24px; color:green;"">igen: ""j""</span></p>	<p style=""font-size:48px;"">krapekban</p>	FALSE	FALSE	
krapek	436	39	2.414080597219388	475	de	krapek		ine_front	krapekben	<p>Ez egy krapek. Bízom a krapekben.</p><p><span style=""font-size:24px; color:red;"">nem: ""f""</span>&emsp;<span style=""font-size:24px; color:green;"">igen: ""j""</span></p>	<p style=""font-size:48px;"">krapekben</p>	TRUE	FALSE	
kóter	222	254	-0.13465688514625712	476	de	kóter		pl_back	kóterok	<p>Ez egy kóter. Ezek itt kóterok.</p><p><span style=""font-size:24px; color:red;"">nem: ""f""</span>&emsp;<span style=""font-size:24px; color:green;"">igen: ""j""</span></p>	<p style=""font-size:48px;"">kóterok</p>	FALSE	TRUE	
kóter	222	254	-0.13465688514625712	476	de	kóter		pl_front	kóterek	<p>Ez egy kóter. Ezek itt kóterek.</p><p><span style=""font-size:24px; color:red;"">nem: ""f""</span>&emsp;<span style=""font-size:24px; color:green;"">igen: ""j""</span></p>	<p style=""font-size:48px;"">kóterek</p>	TRUE	TRUE	
kóter	222	254	-0.13465688514625712	476	de	kóter		ine_back	kóterban	<p>Ez egy kóter. Bízom a kóterban.</p><p><span style=""font-size:24px; color:red;"">nem: ""f""</span>&emsp;<span style=""font-size:24px; color:green;"">igen: ""j""</span></p>	<p style=""font-size:48px;"">kóterban</p>	FALSE	FALSE	
kóter	222	254	-0.13465688514625712	476	de	kóter		ine_front	kóterben	<p>Ez egy kóter. Bízom a kóterben.</p><p><span style=""font-size:24px; color:red;"">nem: ""f""</span>&emsp;<span style=""font-size:24px; color:green;"">igen: ""j""</span></p>	<p style=""font-size:48px;"">kóterben</p>	TRUE	FALSE	
malter	667	222	1.1001126640433443	889	de	malter		pl_back	malterok	<p>Ez egy malter. Ezek itt malterok.</p><p><span style=""font-size:24px; color:red;"">nem: ""f""</span>&emsp;<span style=""font-size:24px; color:green;"">igen: ""j""</span></p>	<p style=""font-size:48px;"">malterok</p>	FALSE	TRUE	
malter	667	222	1.1001126640433443	889	de	malter		pl_front	malterek	<p>Ez egy malter. Ezek itt malterek.</p><p><span style=""font-size:24px; color:red;"">nem: ""f""</span>&emsp;<span style=""font-size:24px; color:green;"">igen: ""j""</span></p>	<p style=""font-size:48px;"">malterek</p>	TRUE	TRUE	
malter	667	222	1.1001126640433443	889	de	malter		ine_back	malterban	<p>Ez egy malter. Bízom a malterban.</p><p><span style=""font-size:24px; color:red;"">nem: ""f""</span>&emsp;<span style=""font-size:24px; color:green;"">igen: ""j""</span></p>	<p style=""font-size:48px;"">malterban</p>	FALSE	FALSE	
malter	667	222	1.1001126640433443	889	de	malter		ine_front	malterben	<p>Ez egy malter. Bízom a malterben.</p><p><span style=""font-size:24px; color:red;"">nem: ""f""</span>&emsp;<span style=""font-size:24px; color:green;"">igen: ""j""</span></p>	<p style=""font-size:48px;"">malterben</p>	TRUE	FALSE	
matek	18299	276	4.194200826810537	18575	en	matek		pl_back	matekok	<p>Ez egy matek. Ezek itt matekok.</p><p><span style=""font-size:24px; color:red;"">nem: ""f""</span>&emsp;<span style=""font-size:24px; color:green;"">igen: ""j""</span></p>	<p style=""font-size:48px;"">matekok</p>	FALSE	TRUE	
matek	18299	276	4.194200826810537	18575	en	matek		pl_front	matekek	<p>Ez egy matek. Ezek itt matekek.</p><p><span style=""font-size:24px; color:red;"">nem: ""f""</span>&emsp;<span style=""font-size:24px; color:green;"">igen: ""j""</span></p>	<p style=""font-size:48px;"">matekek</p>	TRUE	TRUE	
matek	18299	276	4.194200826810537	18575	en	matek		ine_back	matekban	<p>Ez egy matek. Bízom a matekban.</p><p><span style=""font-size:24px; color:red;"">nem: ""f""</span>&emsp;<span style=""font-size:24px; color:green;"">igen: ""j""</span></p>	<p style=""font-size:48px;"">matekban</p>	FALSE	FALSE	
matek	18299	276	4.194200826810537	18575	en	matek		ine_front	matekben	<p>Ez egy matek. Bízom a matekben.</p><p><span style=""font-size:24px; color:red;"">nem: ""f""</span>&emsp;<span style=""font-size:24px; color:green;"">igen: ""j""</span></p>	<p style=""font-size:48px;"">matekben</p>	TRUE	FALSE	
mutter	222	107	0.7298485474103733	329	de	mutter		pl_back	mutterok	<p>Ez egy mutter. Ezek itt mutterok.</p><p><span style=""font-size:24px; color:red;"">nem: ""f""</span>&emsp;<span style=""font-size:24px; color:green;"">igen: ""j""</span></p>	<p style=""font-size:48px;"">mutterok</p>	FALSE	TRUE	
mutter	222	107	0.7298485474103733	329	de	mutter		pl_front	mutterek	<p>Ez egy mutter. Ezek itt mutterek.</p><p><span style=""font-size:24px; color:red;"">nem: ""f""</span>&emsp;<span style=""font-size:24px; color:green;"">igen: ""j""</span></p>	<p style=""font-size:48px;"">mutterek</p>	TRUE	TRUE	
mutter	222	107	0.7298485474103733	329	de	mutter		ine_back	mutterban	<p>Ez egy mutter. Bízom a mutterban.</p><p><span style=""font-size:24px; color:red;"">nem: ""f""</span>&emsp;<span style=""font-size:24px; color:green;"">igen: ""j""</span></p>	<p style=""font-size:48px;"">mutterban</p>	FALSE	FALSE	
mutter	222	107	0.7298485474103733	329	de	mutter		ine_front	mutterben	<p>Ez egy mutter. Bízom a mutterben.</p><p><span style=""font-size:24px; color:red;"">nem: ""f""</span>&emsp;<span style=""font-size:24px; color:green;"">igen: ""j""</span></p>	<p style=""font-size:48px;"">mutterben</p>	TRUE	FALSE	
prakker	32	40	-0.2231435513142097	72	de	prakker		pl_back	prakkerok	<p>Ez egy prakker. Ezek itt prakkerok.</p><p><span style=""font-size:24px; color:red;"">nem: ""f""</span>&emsp;<span style=""font-size:24px; color:green;"">igen: ""j""</span></p>	<p style=""font-size:48px;"">prakkerok</p>	FALSE	TRUE	
prakker	32	40	-0.2231435513142097	72	de	prakker		pl_front	prakkerek	<p>Ez egy prakker. Ezek itt prakkerek.</p><p><span style=""font-size:24px; color:red;"">nem: ""f""</span>&emsp;<span style=""font-size:24px; color:green;"">igen: ""j""</span></p>	<p style=""font-size:48px;"">prakkerek</p>	TRUE	TRUE	
prakker	32	40	-0.2231435513142097	72	de	prakker		ine_back	prakkerban	<p>Ez egy prakker. Bízom a prakkerban.</p><p><span style=""font-size:24px; color:red;"">nem: ""f""</span>&emsp;<span style=""font-size:24px; color:green;"">igen: ""j""</span></p>	<p style=""font-size:48px;"">prakkerban</p>	FALSE	FALSE	
prakker	32	40	-0.2231435513142097	72	de	prakker		ine_front	prakkerben	<p>Ez egy prakker. Bízom a prakkerben.</p><p><span style=""font-size:24px; color:red;"">nem: ""f""</span>&emsp;<span style=""font-size:24px; color:green;"">igen: ""j""</span></p>	<p style=""font-size:48px;"">prakkerben</p>	TRUE	FALSE	
sumer	985	684	0.3646837235495385	1669	akk	šumer		pl_back	sumerok	<p>Ez egy sumer. Ezek itt sumerok.</p><p><span style=""font-size:24px; color:red;"">nem: ""f""</span>&emsp;<span style=""font-size:24px; color:green;"">igen: ""j""</span></p>	<p style=""font-size:48px;"">sumerok</p>	FALSE	TRUE	
sumer	985	684	0.3646837235495385	1669	akk	šumer		pl_front	sumerek	<p>Ez egy sumer. Ezek itt sumerek.</p><p><span style=""font-size:24px; color:red;"">nem: ""f""</span>&emsp;<span style=""font-size:24px; color:green;"">igen: ""j""</span></p>	<p style=""font-size:48px;"">sumerek</p>	TRUE	TRUE	
sumer	985	684	0.3646837235495385	1669	akk	šumer		ine_back	sumerban	<p>Ez egy sumer. Bízom a sumerban.</p><p><span style=""font-size:24px; color:red;"">nem: ""f""</span>&emsp;<span style=""font-size:24px; color:green;"">igen: ""j""</span></p>	<p style=""font-size:48px;"">sumerban</p>	FALSE	FALSE	
sumer	985	684	0.3646837235495385	1669	akk	šumer		ine_front	sumerben	<p>Ez egy sumer. Bízom a sumerben.</p><p><span style=""font-size:24px; color:red;"">nem: ""f""</span>&emsp;<span style=""font-size:24px; color:green;"">igen: ""j""</span></p>	<p style=""font-size:48px;"">sumerben</p>	TRUE	FALSE	
szkander	139	375	-0.9924520928397192	514	ar	skander		pl_back	szkanderok	<p>Ez egy szkander. Ezek itt szkanderok.</p><p><span style=""font-size:24px; color:red;"">nem: ""f""</span>&emsp;<span style=""font-size:24px; color:green;"">igen: ""j""</span></p>	<p style=""font-size:48px;"">szkanderok</p>	FALSE	TRUE	
szkander	139	375	-0.9924520928397192	514	ar	skander		pl_front	szkanderek	<p>Ez egy szkander. Ezek itt szkanderek.</p><p><span style=""font-size:24px; color:red;"">nem: ""f""</span>&emsp;<span style=""font-size:24px; color:green;"">igen: ""j""</span></p>	<p style=""font-size:48px;"">szkanderek</p>	TRUE	TRUE	
szkander	139	375	-0.9924520928397192	514	ar	skander		ine_back	szkanderban	<p>Ez egy szkander. Bízom a szkanderban.</p><p><span style=""font-size:24px; color:red;"">nem: ""f""</span>&emsp;<span style=""font-size:24px; color:green;"">igen: ""j""</span></p>	<p style=""font-size:48px;"">szkanderban</p>	FALSE	FALSE	
szkander	139	375	-0.9924520928397192	514	ar	skander		ine_front	szkanderben	<p>Ez egy szkander. Bízom a szkanderben.</p><p><span style=""font-size:24px; color:red;"">nem: ""f""</span>&emsp;<span style=""font-size:24px; color:green;"">igen: ""j""</span></p>	<p style=""font-size:48px;"">szkanderben</p>	TRUE	FALSE	
